Iteration,fit_time,evaluate_time,hr@10,mrr@10,ndcg@10,hr@20,mrr@20,ndcg@20,hr@40,mrr@40,ndcg@40
1,95.16319632530212,1.0475800037384033,0.7667218543046358,0.44556015452538655,0.5223777060806847,0.8597682119205298,0.4521855225409762,0.5461111640840275,0.9395695364238411,0.45504482350675757,0.5625096693262412
2,91.93581628799438,0.6593465805053711,0.8018211920529801,0.5118001024913287,0.5818292928009048,0.884271523178808,0.5176147447880083,0.6027894648208071,0.9498344370860927,0.5199808304103685,0.616292574257087
3,91.95735621452332,0.7169466018676758,0.8144039735099338,0.5286168926731858,0.5974506693457224,0.8885761589403973,0.5338210479533108,0.6162745659606161,0.9524834437086093,0.5360769377976276,0.6293563438257634
4,91.92172861099243,0.6540834903717041,0.820364238410596,0.5373716230421547,0.6056448872261763,0.8932119205298014,0.5424657007611605,0.6241114182270975,0.9549668874172186,0.5446422909869689,0.6367446024958205
5,92.13451147079468,0.6874628067016602,0.8218543046357616,0.5441440003153604,0.6113009741792049,0.8937086092715232,0.5491305011128627,0.6294689757415818,0.953476821192053,0.5512809087713728,0.641768203059749
6,91.9740960597992,0.7948675155639648,0.8254966887417219,0.5534659150636002,0.6191551581373699,0.8975165562913907,0.558503265796295,0.6374128325292724,0.9561258278145696,0.5605761305945879,0.6494135267656775
7,91.99045062065125,0.6845629215240479,0.8210264900662252,0.5529097025123542,0.6176480526815835,0.8935430463576159,0.5580670072035122,0.6361361096569071,0.9551324503311258,0.5602723753097288,0.6487900308117401
8,92.07384276390076,0.7041420936584473,0.8259933774834437,0.553381688216128,0.6191921909952715,0.895364238410596,0.5582840714475749,0.6368425336784137,0.9552980132450332,0.5604255271501738,0.6491476324177436
9,91.97251987457275,0.7651486396789551,0.8256622516556291,0.5533473273415352,0.6191026838980372,0.8980132450331125,0.5584057208770893,0.6374428673836602,0.9539735099337748,0.5604064344567149,0.6489368076042957
10,91.95315098762512,0.677086353302002,0.8278145695364238,0.5550829128560945,0.6209327625370666,0.8971854304635761,0.5599490830317333,0.6385351111201479,0.9551324503311258,0.5620211580918929,0.6504398429663008
11,91.88565802574158,0.7453975677490234,0.8283112582781457,0.5548417297382546,0.6208553252391719,0.8965231788079471,0.5596298292564295,0.6381684249449772,0.9587748344370861,0.5618616205388017,0.6509677782306698
12,91.95820546150208,0.7334978580474854,0.8291390728476821,0.5604914984757721,0.6253632361402509,0.8991721854304636,0.5654209714151125,0.6431542127763233,0.956953642384106,0.567481366710976,0.6550166321684704
13,91.88729619979858,0.6544361114501953,0.8312913907284768,0.5623327288973002,0.6272389351798953,0.8981788079470199,0.5670559562828157,0.6442506718078986,0.958112582781457,0.5692225981682375,0.6566002603155158
14,91.9208242893219,0.7288908958435059,0.8291390728476821,0.559563886260908,0.6246334673588487,0.8990066225165563,0.5645234915446673,0.6424332077450681,0.9596026490066225,0.5666680949345388,0.654843426048582
15,92.12108039855957,0.657773494720459,0.833112582781457,0.5615913092610137,0.6271832972437554,0.895364238410596,0.5659928109158745,0.6430268069112489,0.9556291390728476,0.5681351973873805,0.6553880627377386
16,92.14267539978027,0.7570977210998535,0.8301324503311258,0.558379454430781,0.6239216647979032,0.8998344370860927,0.5632778349818787,0.6416223797897619,0.9576158940397351,0.5653126870981385,0.6534375619767546
17,91.8985538482666,0.6556203365325928,0.8283112582781457,0.5575693787448781,0.6230078614532059,0.8986754966887417,0.5625314137733426,0.6408998048203746,0.9579470198675497,0.5646501266935922,0.6530716458145353
18,92.05972623825073,0.670940637588501,0.833112582781457,0.5613767344686243,0.6269554319806132,0.8991721854304636,0.5659859181678263,0.6436870772517553,0.9596026490066225,0.5681148949905513,0.6560466083982723
19,92.00418066978455,0.6817469596862793,0.8254966887417219,0.5597385814149086,0.6239522214238444,0.8960264900662251,0.5647752417502346,0.6419635296732839,0.9571192052980132,0.5669434152084571,0.6544854325723592
20,91.96494340896606,0.660447359085083,0.8317880794701987,0.56347051403343,0.6282487443538489,0.8985099337748345,0.5681693299958223,0.6452057782100756,0.9582781456953643,0.5702905022450635,0.6574567659046524
21,92.09676718711853,0.7329058647155762,0.8324503311258278,0.5696550115631265,0.633015853409679,0.8996688741721854,0.574385209279761,0.6500924948117908,0.9586092715231788,0.5764939453650106,0.6622001926713582
22,92.11742091178894,0.7531900405883789,0.8337748344370861,0.5679296094817651,0.6320245812038926,0.8966887417218543,0.5723439922434265,0.6479927320944064,0.9572847682119205,0.5744869136903618,0.6604028488229484
23,92.1762216091156,0.7520573139190674,0.8324503311258278,0.5656738804793461,0.6300323407581985,0.8981788079470199,0.5702453528449871,0.6466663943802116,0.9582781456953643,0.57236155643587,0.6589543599314447
24,91.99259185791016,1.3640766143798828,0.8329470198675497,0.56704056291391,0.6310878930716385,0.8993377483443709,0.5716945622173496,0.6479337784397877,0.9576158940397351,0.5737675157859231,0.6598858285590501
25,92.23908972740173,0.6876087188720703,0.8306291390728476,0.5624731288762773,0.6271635663543406,0.9013245033112582,0.567414769898107,0.6450836650439229,0.9582781456953643,0.5694038188567,0.6567013161512686
26,92.18223857879639,0.7379908561706543,0.8311258278145696,0.5604687007253264,0.6258457979731853,0.9029801324503312,0.5655152179909307,0.6440838695407015,0.958112582781457,0.5674454609193075,0.6553402685268637
27,91.87211060523987,0.7335288524627686,0.8291390728476821,0.5667029328287638,0.6300554243134091,0.9004966887417218,0.5716971234067102,0.6481477843636209,0.9577814569536424,0.5737559129316518,0.6599317945101595
28,91.98305130004883,0.6451122760772705,0.8311258278145696,0.5674695153999804,0.6311092353801073,0.9024834437086092,0.5724780339630846,0.6492208628775702,0.958112582781457,0.5744515123688662,0.6606214181514585
29,92.07541418075562,0.661149263381958,0.830794701986755,0.566155326921058,0.6299497663554486,0.8970198675496689,0.5708502471915966,0.6468208504859286,0.9567880794701987,0.572992855578601,0.6591057757519646
30,92.21203684806824,0.6890451908111572,0.8288079470198676,0.5660193945127746,0.6295809503343514,0.8995033112582781,0.5710607179222711,0.6476242954216869,0.9599337748344371,0.5732090344012383,0.6600168361047853
31,92.15205812454224,0.7824962139129639,0.8251655629139073,0.5612699726689812,0.6250621691167448,0.8950331125827815,0.5662522008487962,0.6428942728399434,0.9561258278145696,0.568412051876683,0.6554017636478939
32,92.34691524505615,0.667877197265625,0.827317880794702,0.5623111137390961,0.626245578165935,0.8981788079470199,0.5673663328776956,0.6443335347297373,0.9587748344370861,0.5695220181221002,0.6567609849802136
33,92.32761478424072,0.6707048416137695,0.8286423841059603,0.5647298433722298,0.628507350057249,0.8998344370860927,0.5698287464364704,0.6467033681261738,0.9572847682119205,0.5718710223118024,0.658483920325877
34,92.3177011013031,1.3527250289916992,0.8288079470198676,0.5646820797855588,0.6285152788635081,0.8998344370860927,0.5697203919154985,0.6466081811287412,0.9579470198675497,0.5717833673924686,0.6585183448820379
35,97.15872573852539,1.6031107902526855,0.8327814569536424,0.5696109928518895,0.6331841587257235,0.9006622516556292,0.5743845753533833,0.6504232776507192,0.9571192052980132,0.5763899316330535,0.6619988687826092
36,98.12745809555054,1.2268431186676025,0.8322847682119205,0.5656124513823205,0.6300427977790998,0.8991721854304636,0.5703294690704231,0.6470475627334457,0.9600993377483443,0.5724784173849561,0.65951468681745
37,97.45133972167969,1.5649816989898682,0.8288079470198676,0.5643650136655131,0.6282677813110751,0.8996688741721854,0.5693723843928961,0.6462947339783057,0.9596026490066225,0.5715011778896332,0.6585829093116714
38,95.72049975395203,1.2545371055603027,0.8299668874172186,0.5656278250814696,0.6293641431962708,0.8958609271523179,0.5703005033204325,0.6461491130090081,0.956953642384106,0.5724808518759978,0.6586913605925385
39,94.87196278572083,1.7285211086273193,0.833112582781457,0.5668684957426701,0.631193057891365,0.9031456953642384,0.5717354358822955,0.6489082713955392,0.9579470198675497,0.5736715802436959,0.6601265241786849
40,94.98484206199646,1.251891851425171,0.8302980132450332,0.5642943866288256,0.6284744060763766,0.9016556291390728,0.5692862576964963,0.646565035084209,0.9579470198675497,0.5712599529650709,0.6580629247461313
41,95.2947313785553,0.6409509181976318,0.8316225165562914,0.5641365105644934,0.6286873177191639,0.8985099337748345,0.5688890463451074,0.645738766633785,0.9577814569536424,0.5710163988273053,0.6579250683945951
42,95.97243118286133,0.8687987327575684,0.8298013245033112,0.5617995768947781,0.6265382009837811,0.9001655629139073,0.5667469708363772,0.6444080585746559,0.958112582781457,0.5687871938919234,0.6562572717082107
43,94.8791675567627,1.79378080368042,0.833112582781457,0.5686565095133006,0.6324642921062017,0.9016556291390728,0.5735319511691898,0.6499435354601996,0.9567880794701987,0.5754963700387923,0.6612571242687155
44,94.96677112579346,1.6192882061004639,0.8283112582781457,0.5623866025438891,0.6266021967305503,0.9001655629139073,0.567439730669138,0.6448517643240137,0.9566225165562914,0.5694464706256974,0.6564297421612542
45,95.50041151046753,1.5360283851623535,0.8279801324503311,0.5643966808577764,0.6280815259800682,0.8996688741721854,0.5694608900220569,0.6463201351525714,0.9577814569536424,0.5715608059494155,0.6582914177775016
46,96.46545147895813,1.1664097309112549,0.831953642384106,0.5645748580889327,0.6291588094053958,0.9001655629139073,0.5693810143091513,0.6464958603792041,0.9556291390728476,0.5713597756139661,0.6578799655006469
47,95.83211374282837,1.5146417617797852,0.8263245033112583,0.562783625039422,0.6264088060227436,0.8978476821192053,0.5678614350549784,0.6446327388453689,0.9571192052980132,0.5699813437997224,0.656809562852621
48,95.08820986747742,1.492260217666626,0.8302980132450332,0.560926363923055,0.6260120206219907,0.9,0.5658255988188935,0.6437129615279541,0.9577814569536424,0.5678620634039184,0.6555330727924158
49,95.04643034934998,1.4746665954589844,0.8278145695364238,0.564612241143701,0.6282511489209303,0.8960264900662251,0.5694421696503881,0.6456201388337709,0.9586092715231788,0.5716792409562922,0.6584726595618781
50,94.69132423400879,0.6422386169433594,0.8278145695364238,0.5653421633554092,0.6287643002804719,0.8981788079470199,0.570376504309898,0.6467421225126867,0.9551324503311258,0.5724114238123316,0.6584384678556617
